studyIDX,KNODES,NGPUS,VIT_EMBED_DIM,VIT_NUM_LAYERS,VIT_NUM_HEADS,MAX_TIME_OFFSET,NUM_WORKERS,BATCH_SIZE,NTRN_BATCH,NVAL_BATCH,ANCHOR_LR,NUM_CYCLES,MIN_FRACTION,TERMINAL_STEPS,WARMUP_STEPS,train_script,allocation
# Chicoma accounts
# hickmank              y26_artimis_ddc      debug                            debug 
# hickmank              y26_artimis_ddc  gpu_debug                            debug 
# hickmank              y26_artimis_ddc   standard           debug,standard,standby 
# hickmank           y26_artimis-fmod_g      debug                            debug 
# hickmank           y26_artimis-fmod_g        gpu           debug,standard,standby 
# hickmank           y26_artimis-fmod_g  gpu_debug                            debug 
# hickmank           y26_artimis-test_g      debug                            debug 
# hickmank           y26_artimis-test_g        gpu           debug,standard,standby 
# hickmank           y26_artimis-test_g  gpu_debug                            debug 
# hickmank            y26_artimis_ddc_g      debug                            debug 
# hickmank            y26_artimis_ddc_g        gpu           debug,standard,standby 
# hickmank            y26_artimis_ddc_g  gpu_debug                            debug 
# hickmank                  t26_ai4vv_g      debug                            debug 
# hickmank                  t26_ai4vv_g        gpu           debug,standard,standby 
# hickmank                  t26_ai4vv_g  gpu_debug                            debug 
# hickmank               t26_hrznshld_g      debug                            debug 
# hickmank               t26_hrznshld_g        gpu           debug,standard,standby 
# hickmank               t26_hrznshld_g  gpu_debug                            debug
#
# This is a set of training runs for the LodeRunnerViT-20channel-2Frame model
#
# Here we study the effect of an LR schedule on the baseline model architecture
#
# UMich Baseline
# NOTE: One epoch takes ~1hr on Chicoma.
1,1,4,2304,6,12,1,2,1,1000,500,2.0e-3,0.5,0.5,1000,500,train_ldrViT_2frame.py,y26_artimis_ddc_g

